{
    "Accuracy": 0.9582470616998148,
    "F1 Score": 0.28055978674790555
}